s,x,y,z,Location error
0.11062409,0.85923207,0.15642479,0.49076873,0.04871949932578439
0.10563202,1.8576388,0.39306223,-0.5834165,0.061844254998717776
0.06939973,0.32122123,0.25910562,-0.10212603,0.12437116545900068
0.06942565,-0.56375736,0.34546763,-0.54023993,0.09035771167740869
0.081867225,-0.08330193,0.15502532,0.46067566,0.9453161956704722
0.10129981,-1.522867,0.32478565,-1.0795919,0.5650482483194879
0.08170605,0.7276092,0.08891615,0.6000913,0.0960920345539034
0.14987928,-0.29687572,0.28244752,0.50629354,0.15998055575729905
0.04405929,1.0655463,0.48502782,-1.5408801,0.16752965484968985
0.07845053,-0.28095317,0.34668353,-0.2765137,0.05688898527622335
0.069831245,0.21131898,0.341038,-0.7798336,0.21560527614640093
0.055478632,0.42714375,0.38922447,-0.9102816,0.09470402813070523
0.06893025,1.8757255,0.39494607,-0.678218,0.07396375658652296
0.069617674,0.87855923,0.09530914,-0.10232237,0.04629834689976673
0.16126564,-0.22731361,0.16463587,0.9514956,0.11073082092714058
0.06990033,1.3621907,0.432784,-1.072896,0.27797811601893946
0.045794655,1.0141859,0.14817038,0.09948294,0.15729876974463705
0.025586467,0.40514052,0.29352012,-0.45455542,0.1191331214502904
0.120094284,0.9787016,0.17277272,-0.1742242,0.0843594487893566
0.08496009,-1.395613,0.44574165,-1.6167022,0.10217414644673613
0.10101071,-0.816372,0.39049923,-0.12399767,0.13000256424547185
0.087761745,-1.5272317,0.33750725,-1.0942054,0.09609673823557965
0.07868708,0.057724223,0.28810808,-0.5245181,0.4712635216864691
0.06925762,-0.041396946,0.27995643,0.48081046,1.5254273446970306
0.07430777,1.2246138,0.36168426,-0.69605905,0.14177005787054872
0.07594735,1.894042,0.35898528,-0.39485306,0.14602789187656248
0.1939439,2.4470706,0.48555735,-0.17307866,0.13061494945791702
0.10436274,0.89092004,0.12325235,0.4828905,0.341852724327064
0.04503622,1.839448,0.35900712,-0.4745003,0.0852859901110618
0.13650842,-0.6060269,0.39760444,-0.5590049,0.12824664678008738
0.09396315,-0.47784102,0.34837154,-0.45915222,0.03243226058475334
0.07586194,0.8324556,0.42494085,-0.94710624,0.09088825389798336
0.12248586,1.0438895,0.48605093,-1.4923325,0.07200243247136305
0.09640211,-0.25559813,0.12241575,0.95223314,0.11348533444616378
0.101281926,2.3828921,0.46599534,1.3569447,0.23795313711248112
0.19080466,0.17862265,0.15311088,-0.07551417,0.12971535334691825
0.11880467,-0.8795708,0.43335974,0.5040786,0.04893129916496123
0.03917182,1.0511955,0.30554998,-0.5879491,0.06400395976516061
0.08502242,0.083971605,0.3852175,-0.3706987,0.051053769087438035
0.1301673,0.86739385,0.37794605,0.8513519,1.1811901086330636
0.10752854,-0.23918748,0.3907583,-0.5105903,0.07521760613783171
0.026524644,-0.17162922,0.3357833,-0.3599917,0.09824376803633399
0.05659227,0.2803563,0.31533864,-0.012502536,0.10754508596560104
0.095460296,-0.29340988,0.36682135,-0.49645495,0.019708116913920472
0.08358708,0.62167495,0.27559203,-0.47048464,0.5720930098694222
0.009622353,-0.2070776,0.4470657,-0.78962415,0.135250515950811
0.063871026,0.82954,0.28461778,0.5816968,0.8004158866957557
0.10150306,0.19138606,0.18533531,0.28233397,0.14289007848118723
0.070888735,0.10835965,0.1677678,0.282313,0.44840836622012326
0.13258655,0.8163294,0.3578962,-0.8907054,0.46691451622492497
0.14365533,2.0564022,0.53082365,1.8873289,0.06449541304459983
0.099886686,0.53799087,0.20755483,-0.015029237,0.5505891650316403
0.10922615,0.62508035,0.11549783,0.5135622,0.1766705459441031
0.0819141,0.7150585,0.15955514,0.4169253,0.31653512258833016
0.099085,0.82023513,0.1460388,0.7982668,0.09027894501443098
0.079526246,-0.435623,0.3575399,-0.46277854,0.03142908704934187
0.07769033,1.2166833,0.3886685,-0.26018122,2.2371800525881214
0.08374718,-0.14346515,0.1738408,0.876509,0.06962276429867703
0.16618265,-1.5009536,0.4445589,-1.626319,0.10660035899351683
0.059750386,0.7644389,0.20360549,-0.1738552,0.29612980485781
0.08097446,-0.6009578,0.31465116,0.5623282,0.23437661053592387
0.100206494,-0.63944656,0.2512674,0.813207,0.25684345765878225
0.09535704,0.8661454,0.15139604,0.033384994,0.13417415591415127
0.16366793,1.2452571,0.36255047,-0.6795434,0.17775802826546913
0.09312205,1.05468,0.4767891,-1.0611267,0.11478715091520776
0.093022525,2.3428664,0.42500553,-0.4300549,0.07871400265309954
0.09525532,0.6607361,0.28609177,-0.5665974,0.1033415431506551
0.09471661,1.0995785,0.35599774,-0.61807823,0.16179516107398073
0.0881418,0.15002649,0.13463074,0.21055101,0.1837243739268873
0.05750023,-1.7820054,0.4290764,-1.6035855,0.20631601535673413
0.10196273,1.5230007,0.39672714,-0.69922423,0.13226865955596603
0.11733186,0.054079577,0.35376143,-0.49891305,0.07259408390829782
0.10085157,2.5753486,0.531092,0.665355,0.1728656878492647
0.106809705,0.29687142,0.23330973,0.28368497,0.06884821534316732
0.06665838,-1.1019369,0.48518732,1.1561618,1.0589442511298783
0.093991645,-0.14225364,0.09905255,0.22081305,0.03958711061763647
0.0637615,0.33612323,0.3771518,-0.93318826,0.1432216969726728
0.053352326,0.85112846,0.13615775,0.8837072,0.08375673075416777
0.04401512,1.6034833,0.31946295,-0.23601961,0.13351371447089555
0.106475204,-0.7430854,0.47098854,0.6246471,0.026674308015514778
0.0674276,-0.46426958,0.3049443,-0.418944,0.0723190746899956
0.06787816,0.23626451,0.10280813,-0.0836366,0.1314516440170518
0.08166759,0.29849917,0.2171369,0.31389743,0.23041987973706224
0.10470507,1.7335278,0.3512724,-0.22479701,0.030360165021745662
0.058448505,0.55430037,0.10922122,0.5829221,2.1737358043609385
0.08914851,0.83036494,0.09126483,0.55989283,0.045659749389000324
0.09376229,-0.79944664,0.39156964,-0.37044656,0.0670477220897393
0.10426487,1.5225532,0.37191483,-0.2890254,0.2561201509915459
0.0807226,-0.14531316,0.09708865,0.1517665,0.11132867183483788
0.06565224,0.13519402,0.32939374,-0.49165398,0.08398374905182558
0.15952162,0.47812665,0.33233842,-0.85821384,0.06857365937936453
0.13090956,-0.12033767,0.23219357,0.15537097,0.08274975605530273
0.07324241,-0.17371613,0.18992098,0.2805078,1.1142821098533102
0.13593072,0.3474782,0.21865852,0.21476658,0.14439426017014345
0.089755125,0.13908814,0.14385307,0.34051448,0.09908313225997809
0.14671066,-1.1883976,0.3726001,-0.2635544,0.09642823595861512
0.09433703,0.28563857,0.2270072,0.052221075,0.10534519834646612
0.09783034,0.06008272,0.36484456,-0.54327667,0.0872837794392072
0.08304739,0.09783073,0.17092887,0.9478356,0.09501615814603029
0.11069164,1.0520887,0.3944729,0.09535767,0.1074933638433284
0.14209694,1.4232008,0.43469417,-0.25634527,0.11318127577705026
0.0942128,-0.931216,0.38956723,-0.8876382,0.14471892912383152
0.11663443,1.4400138,0.5402471,0.26764643,0.13455480297298683
0.06449753,-0.035719067,0.4361672,2.0449922,0.21777191514150301
0.07275942,-0.3694512,0.17599852,-0.11705445,0.6550016048145084
0.1428275,0.49273735,0.44779536,2.3786333,0.17724956022958205
0.074518524,0.41521347,0.25513214,0.6607251,1.498369296326528
0.068472125,-0.2943104,0.3621304,-0.49397385,0.03470701472084521
0.09681696,0.75847065,0.32492545,-0.321185,0.15899203688324678
0.07622236,-1.090986,0.39350262,-0.21860293,0.07011888359328242
0.14109576,1.4218404,0.43403387,0.31911653,0.13849037139042178
0.099153616,-0.6537213,0.2078682,0.84720904,0.6003632025887711
0.10415894,-0.56768286,0.30015883,-0.13259804,0.5586057038447038
0.096402995,0.083277136,0.3696104,-0.5253331,0.0971171586058062
0.07839334,0.7903754,0.1192963,0.6767283,0.06323899706706049
0.13149115,2.4491987,0.375138,-0.28713256,0.06165734304112261
0.13065453,0.69634145,0.2442971,-0.23153782,0.11385398857847276
0.108588904,1.6019428,0.36531326,-0.7886525,0.07303252493911093
0.11830383,-0.69305307,0.38058576,0.60561633,0.08304817868308197
0.08386502,0.13970123,0.40541032,-0.39560923,0.0926808937631409
0.14081497,0.12535377,0.18362854,0.30671024,0.12899203244096405
0.08467874,0.045282587,0.21424331,0.21011163,0.20209641739281806
0.09418085,0.021480173,0.2983593,0.07362197,0.08557573471975041
0.07380115,0.46402574,0.4722217,-1.1309712,0.1275408687857397
0.104030535,-0.7421993,0.42708522,0.68447423,0.16392389406108254
0.1278288,0.38286978,0.20618163,0.5714167,0.20743974476195912
0.11326269,-0.70253146,0.31904033,2.1338463,0.12514354118652957
0.16001092,0.7593789,0.29155505,-0.7138328,0.11496846953397112
0.06885749,0.40975612,0.19501255,0.17926331,0.21100141509588433
0.07520293,1.9225173,0.45920685,0.4787568,0.05791355395865407
0.07419808,0.10046069,0.21748812,0.01131247,0.3293132585130401
0.14949986,0.8391516,0.11010206,0.5862391,0.08817276535996586
0.0678519,-1.5512071,0.35563564,-1.1029581,0.11646391291166791
0.05722891,1.22323,0.39257327,0.48737735,0.36493605414457153
0.13473181,-0.35579023,0.36945415,-0.4640293,0.06548035370548112
0.11951309,-0.31149724,0.35705176,-0.11546774,0.050987811187437504
0.080972336,-0.5359926,0.2724456,-0.60893095,0.0697490941858151
0.15463416,0.25028634,0.13538462,0.3490733,0.07620799985072185
0.09461406,-0.17411083,0.16711187,-0.20429918,1.1680304138241815
0.12014505,0.8640351,0.26869863,0.98495346,0.09180949112455053
0.057693787,1.2738261,0.3481491,-0.7396547,0.07574862879913334
0.13935012,-0.0060593933,0.3395699,-0.1638173,0.10764563273034623
0.026754897,1.3570046,0.3643559,-0.5321209,0.21751059750715213
0.078653604,0.05355358,0.28000557,0.33748966,0.09539054996813422
0.035985142,0.83354104,0.122587964,0.5144903,0.08891838201001323
0.09720796,1.6448238,0.35549137,-0.38242084,1.340566829552026
0.10096015,2.3157024,0.5128421,0.6105338,0.11540765330128487
0.09460961,0.33481497,0.19615428,0.24488999,0.09932683283162498
0.1329332,-0.6816617,0.51887333,1.0760108,0.1524473699056614
0.08160645,0.49703318,0.17445807,-0.0061807483,0.05953647649889303
0.12293634,0.51820374,0.2738986,-0.14166725,0.2004085330780618
0.09567442,1.130854,0.33471408,-0.5728607,0.014401490737578668
0.120287865,-0.6897716,0.34665468,-0.6086452,1.9971493568665692
0.08396715,-0.035158724,0.21441118,0.033422217,0.9321137483425225
0.09598905,0.6703736,0.313862,-0.74556625,0.15415273900872103
0.08192755,0.1810144,0.46799073,2.3513074,0.12693429262036512
0.096360594,-0.30773357,0.18876575,-0.037737265,0.1581030111457064
0.112187,0.10032062,0.17869212,0.32629693,0.09272411970117822
0.08541772,1.1423665,0.3463395,-0.69733167,0.13509491942891333
0.061610654,-0.9621042,0.28290927,0.22713257,3.1226085482779156
0.053346224,0.7856572,0.10562381,0.79439,0.12596381607549365
0.094317555,-0.08294166,0.33971944,-0.4920798,0.1043821982043603
0.17184722,0.11147119,0.2259639,0.021113351,0.12351281760296284
0.0888911,-0.992895,0.418993,-0.108629726,0.10315915207642813
0.0954596,2.2828624,0.4679834,-0.3485928,0.11066658200942685
0.15758467,0.67758113,0.168097,0.5249618,0.23379537771319028
0.1456841,1.6979862,0.32920432,-0.15079921,0.1290099833645441
0.06266546,0.53210187,0.22900568,0.792314,0.25874905318367275
0.06015544,-0.25123376,0.15675616,0.94570404,0.062305815124415395
0.15267485,0.75799507,0.271342,-0.29768312,0.18037580849343854
0.05771642,0.5601248,0.37490106,-0.1663275,0.14788728002168766
0.15317085,0.98784006,0.27978697,-0.015046015,0.11028098991510558
0.17295352,1.3054937,0.41427842,0.58322054,0.6815048777179629
0.08327697,-0.7020457,0.44641918,-1.1261741,0.11341683296002164
0.1039494,0.9475596,0.4581081,-1.0300989,0.04656833658880101
0.069916874,1.4564034,0.34625745,-0.8026888,0.04406141433173402
0.074845225,0.69297683,0.19519565,-0.30549625,0.509790026752943
0.18152174,-0.60920686,0.46719703,-0.666753,0.10954981940479387
0.11889312,2.3698993,0.4715871,-0.27038282,0.16114655732747468
0.07833527,-1.7646863,0.35356107,-1.2468204,0.5275102777033392
0.10728501,-0.65134,0.44331193,1.0508491,0.17776256615922326
0.15919605,0.81910944,0.1103176,0.6392841,0.11958721564282837
0.1426859,0.96343744,0.13473752,-0.32712302,0.17939631979908718
0.10218988,1.1426864,0.11818983,-0.18161784,0.07556395065683481
0.103984065,-1.5478903,0.32913908,-1.1434693,0.5128384882190322
0.08124666,-0.14225674,0.10732444,0.31725043,0.13669940895089586
0.111686066,1.0517374,0.37193975,-0.8763099,0.1621051538217176
0.019967442,1.0763513,0.47184744,-1.2782135,0.15080492362319295
0.07307928,-0.82957864,0.46741137,-1.1142077,0.10651205649643214
0.044850975,0.1571479,0.35757625,-0.6009915,0.2018544300412963
0.096306086,-0.43445235,0.43623444,1.7441887,0.44134079817870947
0.087470375,-0.3532374,0.104916185,0.8403011,0.1829441422178413
0.17256084,0.64430267,0.32467866,-0.30394945,0.07945639638996671
0.1585897,2.214474,0.4240421,-0.25519317,0.18663131559996224
0.14319551,-1.8056697,0.4459813,-1.6663829,0.17240676614098593
0.14513484,-0.5893481,0.3876587,0.8914543,0.15725432727470134
0.07008115,0.55035067,0.47310433,-1.2798698,0.11056268942425151
0.1386874,-0.74178714,0.49438146,1.1750481,0.06628477254985006
0.07858789,-0.31515706,0.14872403,0.8858753,1.6113819164432712
0.06773875,-0.830197,0.3651802,-0.35393086,0.3123905952238175
0.17156595,1.7895113,0.41999638,0.55378526,0.20119990031006416
0.11693558,-0.3899085,0.28925908,0.97013754,0.2394901116691352
0.09369684,1.0390843,0.14440884,-0.14170161,0.11060844098676904
0.13464324,1.0668275,0.116866365,-0.060284287,0.11682936360491074
0.096861556,-0.69485074,0.24564551,0.0008459091,2.2124675911604075
0.07885264,0.28615624,0.31505218,-0.029090747,0.3575867806208894
0.110616,0.9226959,0.13556093,-0.21062696,0.13335209169573264
0.06346969,-2.096782,0.4461766,-1.222027,0.05212662171010963
0.12431437,0.18009938,0.2561954,0.11434011,0.053134473319546766
0.0922041,-0.15714014,0.3966472,-0.81635433,0.07570800479908209
0.11937393,1.1678017,0.3243045,-0.6722385,0.5620824610529425
0.057777617,-0.92533284,0.46555778,0.14384918,0.10291380105999627
0.082772106,-0.031103067,0.14657566,0.44867188,0.11385493604039115
0.11434998,1.6140181,0.3765002,-0.21915656,0.06075300122887323
0.12839985,0.8587835,0.17878714,-0.20524353,0.16330899146468159
0.04040532,0.87670636,0.10430166,0.8107303,0.10256820212943903
0.09090632,1.8953257,0.5444673,-1.1656369,0.4685736277182547
0.1665068,0.37035972,0.20254086,0.5823727,0.18940309355171578
0.110461205,1.147519,0.23074968,-0.18386674,0.8353492405026444
0.08901571,-1.4186811,0.50961584,0.30780423,0.1851288762394132
0.14892444,0.7591499,0.23265298,0.07883619,0.06901875804568358
0.069102675,-0.6701421,0.4581795,-1.5157248,0.10884210193752672
0.10357023,-0.7154458,0.5341525,1.1849294,0.20661001170874788
0.073016435,0.32092822,0.32437074,-0.77798253,0.05595821307551706
0.1997545,0.15129624,0.11673218,0.30524486,0.16351462115391255
0.08878428,2.9064107,0.42319945,0.07767098,0.052283121887693046
0.11481479,0.48276573,0.4285594,2.3700995,0.10627231763454159
0.0979394,2.603919,0.44016865,-0.21732618,0.1459539747388253
0.09828734,2.2433305,0.4681351,0.09692474,0.07165301423408633
0.10035051,0.693664,0.2853701,-0.6555382,0.09669437833952269
0.058996636,-0.50145936,0.488098,1.5660781,0.19189417836944703
0.11826966,0.6330181,0.24230133,0.87489647,0.06413126638222494
0.0943874,1.0539445,0.43318057,0.13621859,0.03208046795781005
0.08106992,-0.7414532,0.47200254,1.3135155,0.18877021999778054
0.07609591,1.2878227,0.45243248,-0.9905677,0.09283865299459497
0.03155294,0.09613003,0.3613876,-0.5091486,0.18082113215960288
0.030009108,-0.5284222,0.48337314,-1.5819777,0.23903395007459105
0.10080831,-0.6980319,0.34445515,-0.3850366,0.8072120408113655
0.1362521,-0.1966485,0.15427887,0.3124175,0.2784102054640632
0.084950835,2.47743,0.5383321,0.76141006,0.22425640855943588
0.15717411,1.7616869,0.37607998,-0.3662722,0.12212618743087406
0.045466095,-1.0668626,0.42407635,0.8086013,4.185422805522959
0.09242072,2.9284503,0.5758618,-0.40567598,0.3181206385033374
0.076281086,1.6545885,0.4789426,0.038026527,0.83401815138209
0.04817158,-0.8618134,0.4008405,0.29710537,2.0109241036972896
0.07460097,2.05918,0.4436568,-0.798546,0.8310938746409531
0.11646339,-0.79784644,0.39493877,-0.23167734,0.08168907028896215
0.23633009,-1.5110062,0.50520855,0.31906307,0.1587246840910505
0.07576552,-0.39426184,0.15185617,0.7269787,0.3292094208364325
0.15185821,2.2344463,0.4106373,0.09724893,0.10377879766739305
0.104987465,0.45698726,0.43826112,-1.0413691,0.14208969044251063
0.13463822,1.0177096,0.11903973,-0.0764315,0.11161103861693446
0.13219878,1.8215818,0.41797644,-0.67108405,0.08444554530429105
0.08452587,-1.8946967,0.40052342,-1.1987776,0.1948346355937379
0.07226065,0.24437566,0.29669544,-0.5149917,0.17351755146588863
0.052149005,1.6878921,0.38484818,-0.36333847,0.1454677792155428
0.09597957,-0.94679135,0.35078937,-0.2280126,0.06554573143624538
0.062352404,1.3880217,0.51633424,0.13267718,0.09892834472037303
0.11507834,-0.8906849,0.35046366,-0.24938399,0.020691570057880415
0.08158544,0.7440462,0.12620424,0.54432106,0.06575115711772497
0.012299499,-0.08698152,0.17207164,0.9395376,0.09965022180363128
0.07979255,-0.5407305,0.33577508,0.8632849,0.1191583516465914
0.107929096,0.23329659,0.20831276,-0.049239635,0.018528604857491086
0.0861841,0.65321606,0.18508312,-0.0113863945,0.9081073659252701
0.10293902,-0.22979808,0.13630433,0.25739527,0.10703073584160305
0.109905995,0.76751536,0.4545512,-1.0149921,0.0517143414595926
0.14000796,-1.2996918,0.5084183,0.0985796,0.2210324221195671
0.1309672,-0.18948853,0.47349975,1.8502274,0.08237168748553939
0.09513216,1.8910112,0.3895243,-0.45769858,0.17531544080406666
0.07915717,1.520642,0.38068742,-0.5606034,0.11895341269200355
0.08347747,1.4380506,0.38723102,-0.627288,0.08778003440522902
0.13646126,-1.1157353,0.33679962,-0.9705733,0.05347215881189073
0.06929478,0.25406808,0.34991097,1.1077719,1.6797241381254786
0.07674055,-0.24679385,0.4857864,0.94909364,0.1721036779313896
0.122837245,1.4910709,0.49124202,-1.2282037,0.18604161288260604
0.12086888,-0.15477999,0.15209308,0.13921057,0.0755350470923461
0.069399334,0.36928344,0.3165667,-0.36731857,0.6199530062152943
0.08141262,-0.5883236,0.22041263,0.27846223,0.20080289736357299
0.090564966,0.6941757,0.32378626,0.014466152,0.20405743617408129
0.12660056,0.3392427,0.23995207,0.04996921,0.11087140603707402
0.112085655,-2.0476751,0.43460274,-1.2239395,0.1349523120453676
0.07643922,-0.14690073,0.19351014,0.10098921,1.4635264282526133
0.07859935,0.9355314,0.22461323,-0.16113937,0.11950071220354218
0.05292768,0.84335494,0.15650386,0.8990161,0.06679232610229488
0.13839865,2.3830516,0.39361322,-0.3726182,0.06709029607107543
0.13985138,-1.1770087,0.39564365,-0.88367003,0.292977412612207
0.088583775,0.77803385,0.34284294,-0.009934738,0.06369985017729828
0.052341852,1.170611,0.32719174,-0.5720448,0.09564786387399911
0.20638841,0.6830171,0.29626927,-0.52312315,0.13336705050792577
0.073020205,0.25442696,0.20827512,0.25576735,1.3849853671726118
0.09131099,0.18402953,0.20660777,0.4202209,1.7043987085475876
0.080998525,-1.1980767,0.48217967,0.6073399,0.30559782463835083
0.087376244,1.7507713,0.37976974,-0.4809668,0.15421632922717937
0.10891043,1.891938,0.40731794,-0.9208165,0.1497418392816409
0.12091553,0.45331633,0.2854272,-0.39887494,0.15335197552574223
0.12067488,-0.7034996,0.4849991,-1.0458893,0.19275105106550305
0.1702444,1.8775268,0.38719472,-0.6029101,0.09893659950452721
0.081972085,1.910538,0.38796133,-0.50920105,0.060494636793260434
0.062711656,-1.8143996,0.36753967,-1.1859155,0.07711825601198334
0.0838875,-0.074010395,0.3133128,-0.75927037,0.854588284575388
0.08809513,-0.93180215,0.33077267,-0.25148773,0.018831664216185328
0.12606965,-0.44010156,0.145168,0.33645242,0.11962557373677847
0.17205511,-0.3874688,0.50127643,1.4673804,0.6652273637530359
0.07424805,0.68057257,0.29608032,-0.038232654,0.12067093828437475
0.0642046,0.79408234,0.1022166,0.5642773,0.07986145629178239
0.0960239,0.43882912,0.5196276,-1.2605848,0.09888850233418685
0.11344266,0.5424903,0.18488346,-0.28606763,0.1163352122370383
0.06574857,1.2925893,0.39908046,-0.6332876,0.17113963210489097
0.10781917,1.9025238,0.34175244,-0.74140877,0.1760794871364247
0.082932875,-0.9136656,0.37151834,-0.24886078,0.03470678368379208
0.10667008,0.05372624,0.20440818,0.5460235,0.30587063826989064
0.089382894,0.9195199,0.21278287,-0.3993765,0.225977513274776
0.13269192,0.062150225,0.1389139,-0.14577532,0.13869701047918967
0.08141021,-0.019941047,0.42680132,-1.495183,0.12687139076820309
0.09737901,0.6129448,0.12938242,-0.26893893,0.023488095760646817
0.08158103,0.74514425,0.105348185,0.5742284,0.08921862680295081
0.13534254,0.32313997,0.20829175,0.085961565,0.1796381200116293
0.08501187,2.4767907,0.35478747,-0.18293531,0.1357249903251702
0.07580754,0.93795455,0.35155502,0.023735508,0.11459737533958778
0.032242108,0.9572313,0.1669832,1.024823,0.22966837613410654
0.045732662,0.043453157,0.33882225,-0.54826534,0.06953161410306352
0.14233826,3.1566362,0.551681,-0.275945,0.1441700391037356
0.08632572,-1.7553326,0.3851366,-1.1737846,0.08144981860467813
0.08238123,0.25245,0.27367452,-0.47849983,0.608972908706084
0.0487865,0.14261313,0.17821003,0.84016556,0.2657246836983021
0.12922178,0.5171578,0.28000215,-0.018493444,0.3869269175549861
0.15760309,1.303218,0.37243,-0.83761954,0.10212932123201972
0.14432287,-1.4561349,0.30652872,-1.0137705,0.0747311683563859
0.099933475,1.8550081,0.47726783,1.8362935,0.1682509769237131
0.11002375,-0.44960368,0.44772333,-0.7284914,0.08926281630929789
0.07602414,-0.17112088,0.31418347,-0.07900739,0.20526036889180166
0.074004784,-1.5808432,0.43444052,-1.6046942,0.09038074857965145
0.10726051,0.012693495,0.11455664,0.9365837,0.0794390724797247
0.16052797,0.28243715,0.3557248,-0.15661177,0.17491205434183532
0.051795665,2.4298236,0.46558186,-0.24341741,0.1318462083675772
0.1346607,-1.1322792,0.44592118,-1.4769297,0.2935321066914541
0.08124474,-0.61044586,0.41706753,-1.1959307,1.2659728695859203
0.12886518,0.3770271,0.123266265,0.4673953,0.09283548609472023
0.103065714,2.545765,0.5130058,0.6024441,0.04404270594071864
0.08244707,-0.4478081,0.17003797,0.49047,0.1440709987792678
0.042816624,0.45433074,0.23242123,0.46505874,0.6795727118359065
0.08377816,-1.3220854,0.48548535,0.6817682,0.12206602707903567
0.06504419,-0.86819696,0.32181698,-0.46572202,0.4032489167145667
0.13453454,0.5535044,0.35503843,-0.8846403,0.09513081871639084
0.11959844,1.1643089,0.30200446,-0.5273719,0.056580572725431516
0.1188201,0.43960845,0.21536793,0.30067712,0.06147735983272081
0.064398564,0.86554646,0.10574596,-0.09230617,0.25496074119332107
0.098273516,0.6483594,0.24892114,-0.35599086,0.05923933692882011
0.106834784,-0.3512824,0.18923634,0.91947204,0.06046198852483929
0.07432379,0.86121,0.3216858,-0.38752663,0.2867308394922939
0.100137524,0.8751863,0.12406397,0.55751,0.07934418925075648
0.07154604,0.62973624,0.14514822,0.6587301,0.33712130686972863
0.08616766,-0.01741162,0.22109099,0.4336549,0.5431745449050239
0.06252941,-0.34810403,0.17390208,0.13651486,0.978141488120052
0.14358515,0.58258665,0.24952929,-0.00041802227,0.13052526748276558
0.040212736,1.6923388,0.33665672,-0.31389904,0.15596839884445887
0.14947477,2.262391,0.46451673,-0.045028314,0.0692801859479653
0.08865066,-0.8568871,0.38001254,-0.24905235,0.06007661915061534
0.16117954,-0.78638566,0.36387035,-0.43470457,0.08001006812273183
0.06158614,1.5986675,0.34777114,-0.33477467,0.3344183512306279
0.079887874,-0.9802771,0.38818818,-0.7446974,0.4445441357933984
0.08112567,0.5225468,0.27888423,-0.19716634,1.5669734401759106
0.08813374,1.9159865,0.40616077,-0.5715435,0.10655284227351787
0.061647076,-0.15393159,0.14570642,0.93115085,0.2540139528378596
0.13965303,-0.06336296,0.4044365,2.089197,0.15457118168058914
0.04652055,0.7258247,0.45259824,-0.9658879,0.06242188964071893
0.07570018,0.9575126,0.13874285,-0.3185954,0.11343505710949645
0.07969004,0.83805954,0.29094633,-0.36346364,1.1443798547716184
0.08667533,0.6939416,0.28073213,-0.51198906,0.06882119204014076
0.11872267,-0.80738217,0.45185122,0.41793513,0.06849050873192694
0.067458436,1.3898796,0.37512293,-0.3549099,0.08843628272785395
0.10712089,-0.49418008,0.42189902,1.7900689,0.5360770082971782
0.114786536,1.9134614,0.43873325,-0.39623818,0.15515584693573642
0.07848832,0.88308823,0.11453606,0.6695573,0.15252737443642142
0.078002505,-0.4408508,0.35576004,0.675969,1.2460665866388019
0.14267398,-0.6127364,0.16305849,-0.027738035,0.07140909334159631
0.10037831,-0.24313381,0.12407057,0.24719672,0.13785483714693061
0.11380443,-0.91507053,0.31205752,-0.3410491,0.10661442178752265
0.05598731,-0.13049965,0.40638486,-0.44115937,0.09989156552419946
0.14514488,-1.0787866,0.42139843,-0.12512401,0.06429081425160546
0.08919881,0.60045594,0.2609815,-0.5339213,0.16871217304726085
0.13048029,1.6231638,0.33029726,-0.2644476,0.09157223531618981
0.07389951,1.7388595,0.38805005,-0.5477936,0.19815264682051378
0.110497765,1.0974007,0.36513802,0.46789747,0.05189269016510157
0.18539616,1.2144444,0.2969108,-0.57034796,0.14501334052371248
0.115755305,1.3829379,0.4884934,-1.1276343,0.07274683989500648
0.08749345,-0.60511106,0.3366306,-0.5897193,0.03790011330595729
0.07745786,1.6420964,0.4582716,-1.1746553,0.08118677977494525
0.099580824,0.39571553,0.15142249,0.24686317,1.100126427711362
0.09990008,2.70125,0.4453289,-0.2613132,0.1293904150723709
0.08628802,-0.7345561,0.30879688,1.8081954,0.28279406955151815
0.14132063,0.7799277,0.46206972,-1.0184427,0.18306946302019353
0.095218785,0.89795864,0.3310189,-0.60721266,0.043943766066574456
0.06441034,-0.09474793,0.51592654,-1.3276418,0.183085389909741
0.12999147,0.51186186,0.4755616,2.1758454,0.6478382296994213
0.10022028,-1.4755594,0.42762265,-1.5422853,0.1374488309626415
0.13560764,-0.28233045,0.28235343,0.14522623,0.08228870532207176
0.077197425,0.2876742,0.29912165,-0.14036444,0.9979710898177246
0.08367336,-0.26589012,0.39616957,-0.7802279,0.06398637613999038
0.11480138,-0.43909013,0.1527251,0.81375843,0.5146589726608997
0.12378818,0.76688975,0.1415749,0.8536975,0.11921911315341148
0.10727067,-0.112642035,0.43488,1.820682,0.2776714449037815
0.06712667,-0.22262228,0.4127371,-0.652637,0.09919386371106224
0.16677964,0.23786421,0.20674174,0.25084096,0.08071204371690582
0.13947517,-0.58193123,0.4752808,-0.81382257,0.049355708726851404
0.15069205,0.3157838,0.22542588,0.62098163,0.1072447003777082
0.07399224,-1.0949181,0.46375176,1.1604422,0.13789365306490795
0.09405035,-0.9729512,0.38383925,-0.17356017,0.09044627628096706
0.08270424,2.4151397,0.4941809,-0.47316915,0.17420593661182313
0.10125941,-0.117099926,0.52772146,-1.1838129,1.0004151101255052
0.09939565,1.0165306,0.45040306,0.07937567,0.21362122265856884
0.08161745,0.65058535,0.10544777,0.5072739,0.19760054843508343
0.079630755,-0.31875363,0.34370643,-0.57431686,1.4844083753606754
0.058489524,2.9379609,0.5288446,-0.66248924,0.2793801832264409
0.07013279,0.14326216,0.2896581,-0.72822016,0.558872095988852
0.10432026,-0.38189614,0.493542,1.5497648,0.43086390953132564
0.11301319,0.57470495,0.23630233,-0.33252203,0.20510743354396524
0.14228913,2.5854962,0.40600654,-0.20684755,0.1997932435939693
0.11588134,0.89653814,0.20835279,-0.12235254,0.24967999954280104
0.10195696,0.19996013,0.1733005,0.37060374,0.5581034264420863
0.062732145,0.74283123,0.1025168,0.5722801,0.07447226526536832
0.10470966,2.1219654,0.3808855,-0.5727149,0.7079170262612973
0.04269061,0.7963891,0.33202237,-0.7616367,0.11507560456871838
0.08699953,-0.769391,0.37841478,-0.4245999,0.03464564507075318
0.14372241,1.4225154,0.50685626,2.12372,0.5434348871791752
0.0978432,-1.9210094,0.42297518,-1.2181455,0.06514946746960643
0.10635227,1.1222777,0.34543523,-0.61636084,0.2262136919031539
0.050823838,0.06749579,0.18363532,0.6331312,0.06594542953549946
0.105098635,0.14248781,0.16539022,-0.15764269,0.3601541902662925
0.05862905,0.6677412,0.3527438,-0.83041894,0.1880105788571578
0.08085605,-0.52846485,0.27306673,-0.561699,0.09364950517436371
0.058322437,1.1648765,0.30661628,-0.7037953,0.06250341887266402
0.044712715,0.27633733,0.27684748,-0.049592853,0.10421027145269765
0.058924463,2.9082298,0.44777176,-0.032899708,0.15670065094106866
0.10397896,1.3625435,0.40039924,-0.7164859,0.2868044120999286
0.120738186,1.1390542,0.2855213,0.708903,0.840459060385248
0.11402594,2.36857,0.42873675,-0.28259844,0.65883554116898
0.06786384,0.18521254,0.18399912,0.6937928,1.4708355914325255
0.14500512,0.6965424,0.13852756,0.56756693,0.15535222217425637
0.083052665,-0.9198495,0.33811495,0.067633405,0.374363745106442
0.062093027,0.71093994,0.36921412,0.033339247,0.7260679627202278
0.080715984,0.5265077,0.28980204,-0.36402145,0.9662329522276009
0.079396725,2.197528,0.5423304,0.8263516,0.45055056874783056
0.07817644,1.7561448,0.48420087,-0.8544745,0.6805250491067404
0.10790442,-1.8521926,0.41306242,-1.2200471,0.0855918778539879
0.10546695,0.414482,0.4727067,1.0554199,0.09242039983292472
0.08924103,0.52427423,0.22536518,-0.00048962235,0.10644512088796286
0.1332428,-0.6429743,0.24644415,0.9600728,0.37287018810109146
0.13165477,-0.6326384,0.25846615,0.37997937,1.1194224352367628
0.08902453,0.06359558,0.23634546,0.15016265,0.36718176358028615
0.15421066,-0.08055663,0.10067603,0.19630374,0.14357303600037755
0.07158253,-0.06709757,0.39313447,-0.525331,0.07068433890368557
0.12859873,0.3271737,0.3031194,0.015509874,0.14223528693902335
0.14420305,0.92411304,0.18415917,0.3877126,0.0839160802593144
0.10090082,-1.11479,0.4234211,-0.19118175,0.09377412769837809
0.042142563,0.7517806,0.13616014,0.5917292,0.11535872853701228
0.11482279,-0.17128329,0.16565348,0.93412954,0.08097707230931857
0.11096504,1.7710515,0.3539461,-0.45131147,0.030034511102710215
0.16444844,-0.36088666,0.11983572,0.26638198,0.08975070021418208
0.16438329,2.518776,0.37449786,-0.33486417,0.07126994418804608
0.080110714,2.1890254,0.43727964,-0.019340932,0.08407774042290148
0.07450157,-1.1977136,0.4589891,1.0636503,0.23925324383667798
0.11990441,0.6109538,0.33529058,-0.0038966835,0.12301792335242892
0.08887303,0.7378416,0.47063294,-1.291203,0.1521981200950742
0.087752305,1.4608251,0.4417686,-0.98076594,0.25434832691349246
0.09663005,2.303268,0.43320107,-0.238392,0.161585086808898
0.13348724,0.41090292,0.16658784,0.40582633,0.10823430681968788
0.13094705,0.005464062,0.20910652,0.6945452,0.12344525376691488
0.08396418,-0.71752405,0.38049453,2.0519524,0.20782667921449602
0.12961248,1.9319446,0.5310212,2.1111836,0.08278465106560227
0.13325515,0.0030101836,0.24476533,0.6591774,0.4099616664262652
0.17597324,-0.24631631,0.1785944,0.7365005,0.34466422781478406
0.0871786,1.926193,0.40596828,0.31788838,0.23168760512337017
0.09278624,-0.5786342,0.38522533,-0.53991735,0.16570369356072956
0.15961406,-1.5438628,0.3242544,-1.0592055,0.08098653922718807
0.14077789,-0.378556,0.34199718,2.1435745,0.20273926396062533
0.15663868,0.49147385,0.21621652,0.23611699,0.08979949391020346
0.0898907,0.20403083,0.22759901,0.683795,0.11177692100042573
0.10504195,-0.56091934,0.4445641,-0.70637506,0.056001146588089995
0.017134232,-0.20700143,0.3738367,-0.78055686,0.8192649561185782
0.10673171,0.85576165,0.40036932,0.052032962,0.2565387807534183
0.111095905,1.7150334,0.48307887,0.5928195,0.15922603301743607
0.0972503,-0.51781005,0.4175249,-0.6437904,0.045146601694457604
0.10343139,0.21375583,0.23067872,0.18628652,0.057393756624179317
0.06655184,0.6854984,0.16016158,0.5584209,0.2634477232532384
0.087155074,-0.1966954,0.3894779,1.2004313,0.9164082788138391
0.06296714,0.79415375,0.14741439,0.7399835,0.09303600040219599
0.092227556,1.0452946,0.12941629,0.47373533,0.19863410567921772
0.15453841,-0.62394387,0.22523664,0.95179194,0.07845286415257093
0.05207906,0.29195827,0.23624532,0.11222397,0.10900893553879974
0.091678366,-1.0128009,0.38674694,-0.23189124,0.11182571592268802
0.119991556,-0.021185353,0.16568883,0.8290445,0.6154400901313258
0.07038143,-0.9209856,0.43505433,-1.4884948,0.12362650053659495
0.07191153,0.67989665,0.49559227,-1.310447,0.4958967462474706
0.17319122,0.5537363,0.19150671,-0.33290136,0.10906715999960012
0.06826052,2.7221382,0.54960734,-1.4502822,0.1206328190904316
0.0842108,0.8764473,0.45964566,-1.0226235,0.07186351244093105
0.14401253,0.5411168,0.41220918,0.033951566,0.11831048666411313
0.07996707,-0.112870984,0.45587823,1.1440564,1.2877009124167187
0.0865325,1.559136,0.38598627,-0.67304343,0.04053219176829312
0.11058601,-0.91558474,0.48101833,0.360304,0.059393986100795305
0.121772975,-0.42877424,0.39731926,1.5310941,0.7266664534698994
0.034537632,1.5580407,0.4911026,-1.1060034,0.09452513988646787
0.07868287,-0.7064051,0.42350692,0.63963825,2.248970497055313
0.0995651,0.13428585,0.15656969,0.29594594,0.1553677179358858
0.05540796,0.42657888,0.4258032,-1.0129173,0.1350975362477026
0.27900606,3.2185507,0.5298134,-0.0059125125,0.28230033447972713
0.11956379,1.9751041,0.39412355,-0.44889122,0.2904728392005502
0.15906143,0.37509936,0.17028181,0.35163754,0.14686590299338467
0.06155946,-2.0180736,0.43441275,-1.2291512,0.07829497059363762
0.12324348,-0.4570793,0.31695306,-0.37183994,0.07755136689570828
0.068073854,2.3240733,0.51089853,0.46268988,0.07387510543731024
0.07781889,0.12732823,0.25233486,-0.09177664,0.12167951035127683
0.09149131,-0.9499388,0.3317357,-0.25445947,0.07560141472642974
0.123277575,0.28881902,0.30414215,-0.014371276,0.10844473257780753
0.05422654,0.78759843,0.24697454,-0.5061254,0.2811735250849873
0.1122904,-0.031196587,0.11676119,0.9786702,0.07419890201862744
0.120279424,1.7053846,0.37211043,-0.512057,0.08319611124317514
0.035135765,0.7762068,0.44038987,-0.9721445,0.13333805446470462
0.15928939,-0.09451094,0.26793218,0.66418475,0.31870513387391997
0.14103086,0.3379463,0.21975084,0.6320602,0.06994035272891515
0.10935243,-1.8816617,0.41687468,-1.2291942,0.03311791281522805
0.15151465,-0.0016665608,0.11192255,0.9379539,0.15589150479226235
0.069175735,0.5767053,0.23647861,-0.10236701,1.1171462706403885
0.07648706,0.7964759,0.09480511,0.55460507,0.09756118648080676
0.03441487,-0.7660578,0.34359515,1.8851523,0.21056431106261134
0.059164308,0.5182656,0.08360973,0.76049197,0.11968433280708879
0.10517998,0.5818481,0.213349,-0.034294114,0.28426673596355495
0.13873187,0.8664628,0.5103119,0.7086782,0.19897764831686002
0.10742602,0.6719371,0.32496473,-0.05130504,0.14448598298443657
0.078965716,-0.06392114,0.31380573,1.2720807,2.013912861309992
0.0926465,-0.26319778,0.18197379,0.9067958,0.11630479144309976
0.17243533,-1.2031107,0.34163606,-0.9463912,0.10050292214788156
0.06968392,-2.0334725,0.4320267,-1.2614994,0.07537741239638121
0.12959288,0.2894959,0.23850496,0.6704872,0.427302737970562
0.054762125,1.8823624,0.42037025,-0.649416,0.13134291269510665
0.17295475,-1.418413,0.4887447,0.4549567,0.1290137927324077
0.08751249,0.7114786,0.44002968,-1.051723,0.09197248484969392
0.09650824,-0.4483388,0.14915355,0.7217926,1.449948243999787
0.09145523,1.0940107,0.208685,-0.18174724,1.7241901456196367
0.06173555,0.45603764,0.4944274,-1.288822,0.12884330409183092
0.09299745,-0.07579888,0.4718286,0.96381074,0.07810662490501757
0.078449264,-0.2712403,0.5304055,1.6673814,0.1488623949728424
0.108875334,-0.36400324,0.15418781,0.4448266,0.2528849710541734
0.11115509,2.1596966,0.4702141,0.05827637,0.43720360887799575
0.07974316,0.792137,0.14047603,0.53256696,0.1873413619077268
0.07608472,0.26714766,0.36075327,-0.33152914,0.14955013820324142
0.08559215,1.0896032,0.2571838,-0.46448144,0.31791134248480196
0.09943439,-1.1848106,0.41540018,-0.7850269,0.21021194577257904
0.18557326,-0.46649778,0.36378723,-0.48610318,0.17170925874416595
0.13927409,0.859972,0.11887041,0.46330798,0.06506636664789077
0.062955715,-0.14781795,0.18015283,0.7571424,0.1858125397927594
0.08073882,0.7908173,0.08657658,0.6516718,0.0965393763079924
0.1471943,0.19291256,0.15482867,0.32462418,0.18860502631993165
0.12341292,0.34679168,0.26210964,0.05089034,1.3241888175282646
0.09701356,1.3309264,0.39616594,-0.7188264,0.08364059463040703
0.11157776,0.31063235,0.20257036,0.3023103,0.06427650732554246
0.08336377,-0.25607607,0.3458025,-0.3078447,0.12416108071679573
0.0867955,0.2609368,0.32935715,-0.037832662,0.18645639772632708
0.1394402,1.8211523,0.37508333,-0.5468795,0.2187481651515578
0.1780135,2.6077816,0.43921062,-0.7381849,0.20207413718916564
0.11128567,1.4632224,0.37689692,-0.853807,0.08682081353008937
0.07450387,1.8001637,0.37172914,-0.6992251,0.278735023026936
0.110119954,-0.46630615,0.3137003,-0.33468688,0.040135112329072936
0.09753523,-0.13064645,0.18733115,0.25282747,0.06107492957371324
0.08726303,1.3406364,0.4869407,-1.0911335,0.10682335213331594
0.09979081,0.4179147,0.20562701,0.7247674,0.2373014114877248
0.011078747,-0.59800047,0.3702743,0.6502354,0.5182947899940399
0.059360825,-1.6675023,0.44230053,-1.7296844,0.05172546289809067
0.09101751,1.8635516,0.41653258,-0.49080294,0.09911849640563494
0.0913641,-0.089309305,0.33761162,-0.79183435,0.2381225307176231
0.041282117,0.289263,0.15503712,0.12140106,0.18911437885882848
0.113135345,-0.4393357,0.3942788,-0.3742683,0.1329502868355818
0.09941709,-1.587525,0.44711646,-1.6427453,0.16351575999532933
0.076282546,0.76658475,0.094703436,0.5721183,0.0928332254005231
0.099830575,-0.57504445,0.26177946,-0.6310715,0.05819782321371405
0.05198235,0.49988222,0.40729132,-0.9231685,0.12917352175919256
0.10874866,-1.5456913,0.3609937,-1.1131821,0.1194864048360696
0.09962557,1.0072949,0.37677115,-0.8461984,0.22563293568415546
0.106800884,1.6248028,0.46735844,0.112397894,0.07503900261769313
0.055982128,0.76951224,0.13798237,0.8038464,0.09474032458995264
0.067349926,2.1202147,0.6421819,-0.27990335,0.8255410704574047
0.06288521,0.5622698,0.46622482,1.0499952,0.1379609930750712
0.09478454,2.2811072,0.45380655,-0.21192288,0.14404009097358839
0.107968554,-0.46866238,0.27624285,-0.09438513,0.12764785833569567
0.12961644,2.6389515,0.38246438,-0.21813172,0.2067022358524371
0.0460207,2.6682653,0.46102747,-0.7615236,0.09847684902527676
0.10269053,2.5043943,0.47111294,-1.5009897,0.22290775495510656
0.15724118,0.3492335,0.23091204,0.25427902,0.08853280310228889
0.06372909,-0.058378138,0.21765862,0.06547798,2.3414109897475615
0.12546003,0.20700587,0.3339609,-0.57812726,0.1315058969100179
0.089322016,0.12033953,0.19120468,-0.0064709187,0.2369368167679046
0.0791726,1.8356236,0.5133444,0.6638488,0.20520006985499964
0.065052405,0.42000258,0.274613,-0.17448638,0.11678342042439281
0.10732112,0.12908165,0.14291833,-0.17115504,0.34619515349334395
0.10852215,-0.06599865,0.42019814,-0.7159234,0.03504808980336324
0.094612226,0.9599457,0.1273281,-0.29515922,0.11479914615265661
0.18724234,0.90386045,0.3862189,-0.9349363,0.3724516610439891
0.072157845,1.1110315,0.19667335,-0.41805655,1.1048786722089923
0.13595939,0.26266843,0.19187436,0.23201208,0.12195018438673029
0.1846171,1.0419048,0.4456732,-1.5135353,0.11103601488271739
0.1193818,-1.0481873,0.46618667,-0.99521637,0.14462463695056843
0.078995414,0.64515066,0.43208402,-1.0234293,0.11352020745672711
0.09475414,0.51968205,0.23005514,-0.20404226,0.14516838362700055
0.1281508,0.029582337,0.43169162,2.1832538,0.23402468751325473
0.1808784,0.9633653,0.2907549,-0.67513657,0.13421051776958196
0.07509206,-0.3529044,0.22522987,0.93994695,0.15790693392929794
0.07747337,-0.4512418,0.38729855,1.0818213,1.959133206837401
0.09910386,0.6920856,0.22136502,0.4934013,2.401818377496226
0.1005882,0.49134177,0.28727502,0.00024935603,0.24240292008303735
0.16587749,0.97855973,0.35776728,-0.0054659843,0.09757023987498949
0.07252335,2.517111,0.5319821,0.5821466,0.04494266460671383
0.09129411,-0.5132794,0.3694689,-0.7025416,0.1638992609038677
0.025980975,0.8075854,0.13219053,0.85412914,0.08667441409012021
0.09073207,1.0276774,0.7031677,2.7878594,0.19400894549533426
0.12600616,0.36863375,0.29054815,0.03274487,0.10323088726040996
0.09150474,2.2591953,0.4652417,-0.34207997,0.13347498816293696
0.042459678,0.33860552,0.43411735,1.0909704,0.11965373480329501
0.07878729,1.9265587,0.3773626,0.9151791,0.08057645573999285
0.052204654,2.9079013,0.453042,0.104604855,0.1103525971609058
0.08547787,1.9070442,0.37070778,-0.57896954,0.10651659808830131
0.0860504,0.52540356,0.40952122,-0.9502044,0.18450076246502975
0.1267551,0.8258462,0.10330734,0.5227766,0.031928736215199614
0.09699142,-0.6013069,0.44687372,-1.5730731,0.022249047883374465
0.10686789,0.4677527,0.33739015,-0.52224404,2.321463848548572
0.085922375,-0.3129463,0.33671066,-0.34716654,0.1873619850790696
0.08601422,-0.29895878,0.52007407,1.642919,0.29554526062612774
0.16854629,0.40698236,0.27159432,0.06661691,0.11845688754806553
0.12193463,0.46574062,0.44084272,1.819479,0.3640174978005365
0.14352918,-1.1080568,0.43488792,-0.98183626,0.09978726546901369
0.11932593,-1.2485579,0.39104202,-0.8260192,0.1563540053217956
0.0609075,3.1393733,0.5117988,-0.42810526,0.13209528019771863
0.06195807,0.08554754,0.18235758,0.74486035,0.07309725138008091
0.050544225,0.1128069,0.34849665,-0.53569895,0.105531619167981
0.05419751,2.718109,0.5443049,-1.5964384,0.28186736782041427
0.06559002,1.4495195,0.5299388,0.48695892,0.06109934863915715
0.1542688,-1.3744974,0.4104827,-1.4763677,0.17723020086363128
0.12930849,-0.97866994,0.4593356,-0.0077106506,0.06730094129455746
0.07332748,0.79046255,0.2731464,0.80995053,0.1107988685233915
0.09093006,2.8523114,0.48304698,-0.06422457,0.23564030514849527
0.08716565,0.3543551,0.16913548,-0.06772654,1.1247559355223054
0.09396482,1.7510955,0.37548825,-0.74213684,0.7309025276884897
0.09719771,-1.0493406,0.49501768,1.0214425,0.24700700474941398
0.04736619,0.23344778,0.32138345,0.95205885,0.4632284726552412
0.047024608,0.5432834,0.19619577,-0.30283874,0.4543275252742314
